"source_file","output_avif_file","original_file_size_bytes","avif_file_size_bytes","status","notes"
"assets/images/.DS_Store","","10244","","skipped_unsupported","Unsupported extension: (none)"
"assets/images/accommodation/IMG_3551.HEIC","assets/images/accommodation/bedroom-garden-view-01.avif","2342188","1983764","converted_validated","Dimensions preserved at 4032×3024."
"assets/images/accommodation/IMG_3552.HEIC","assets/images/accommodation/bedroom-garden-view-02.avif","2475372","2022444","converted_validated","Dimensions preserved at 4032×3024."
"assets/images/accommodation/IMG_3553.HEIC","assets/images/accommodation/bedroom-lounge-area-01.avif","2077188","1620420","converted_validated","Dimensions preserved at 4032×3024."
"assets/images/accommodation/IMG_3556.heic","assets/images/accommodation/bedroom-chair-01.avif","2458701","1806654","converted_validated","Dimensions preserved at 5712×4284."
"assets/images/accommodation/IMG_3558.heic","assets/images/accommodation/bedroom-sofa-01.avif","1160956","864330","converted_validated","Dimensions preserved at 4032×3024."
"assets/images/accommodation/IMG_3559.heic","assets/images/accommodation/bed-detail-01.avif","1129166","790085","converted_validated","Dimensions preserved at 4032×3024."
"assets/images/accommodation/IMG_3561.HEIC","assets/images/accommodation/bedroom-garden-view-03.avif","2323389","1900520","converted_validated","Dimensions preserved at 4032×3024."
"assets/images/accommodation/IMG_3562.heic","assets/images/accommodation/garden-view-from-bedroom-01.avif","1635692","1114756","converted_validated","Dimensions preserved at 5491×4118."
"assets/images/accommodation/IMG_3563.HEIC","assets/images/accommodation/dark-tile-bathroom-01.avif","2164692","1544616","converted_validated","Dimensions preserved at 3681×2761."
"assets/images/accommodation/IMG_3564.HEIC","assets/images/accommodation/dark-tile-double-vanity-01.avif","2133334","1783868","converted_validated","Dimensions preserved at 4032×3024."
"assets/images/accommodation/IMG_3565.HEIC","assets/images/accommodation/dark-tile-toilet-01.avif","1828777","1486213","converted_validated","Dimensions preserved at 4032×3024."
"assets/images/accommodation/IMG_3566.HEIC","assets/images/accommodation/dark-tile-shower-amenities-01.avif","1960850","1520663","converted_validated","Dimensions preserved at 4032×3024."
"assets/images/accommodation/IMG_3620.HEIC","assets/images/accommodation/blue-bedroom-01.avif","2366067","2024151","converted_validated","Dimensions preserved at 4032×3024."
"assets/images/accommodation/IMG_3623.heic","assets/images/accommodation/blue-bed-detail-01.avif","772203","498930","converted_validated","Dimensions preserved at 4032×3024."
"assets/images/accommodation/IMG_3624.HEIC","assets/images/accommodation/blue-bedroom-entry-01.avif","1635139","1173043","converted_validated","Dimensions preserved at 4032×3024."
"assets/images/accommodation/IMG_3626.HEIC","assets/images/accommodation/brown-bedroom-01.avif","2395261","2060502","converted_validated","Dimensions preserved at 4032×3024."
"assets/images/accommodation/IMG_3627.heic","assets/images/accommodation/brown-bed-detail-01.avif","1426374","1077202","converted_validated","Dimensions preserved at 4032×3024."
"assets/images/accommodation/IMG_3629.heic","assets/images/accommodation/brown-bedroom-entry-01.avif","1291782","929914","converted_validated","Dimensions preserved at 4032×3024."
"assets/images/accommodation/IMG_3630.HEIC","assets/images/accommodation/burgundy-bedroom-01.avif","2026783","1687647","converted_validated","Dimensions preserved at 4032×3024."
"assets/images/accommodation/IMG_3631.HEIC","assets/images/accommodation/burgundy-bedroom-lounge-01.avif","2086273","1681319","converted_validated","Dimensions preserved at 4032×3024."
"assets/images/accommodation/IMG_3632.HEIC","assets/images/accommodation/burgundy-bedroom-02.avif","1494951","1118237","converted_validated","Dimensions preserved at 4032×3024."
"assets/images/accommodation/IMG_3633.heic","assets/images/accommodation/burgundy-bed-detail-01.avif","1037441","584730","converted_validated","Dimensions preserved at 3876×2907."
"assets/images/accommodation/IMG_3634.heic","assets/images/accommodation/burgundy-bedroom-garden-view-01.avif","1641507","1092752","converted_validated","Dimensions preserved at 3890×2918."
"assets/images/accommodation/IMG_3635.heic","assets/images/accommodation/burgundy-bedroom-wall-art-01.avif","1231114","841714","converted_validated","Dimensions preserved at 4032×3024."
"assets/images/accommodation/IMG_3636.heic","assets/images/accommodation/room-number-003-01.avif","1095518","709138","converted_validated","Dimensions preserved at 4032×3024."
"assets/images/accommodation/IMG_3637.HEIC","assets/images/accommodation/twin-bedroom-01.avif","1119826","782751","converted_validated","Dimensions preserved at 4032×3024."
"assets/images/accommodation/IMG_3638.heic","assets/images/accommodation/twin-bedroom-wall-art-01.avif","1375051","938532","converted_validated","Dimensions preserved at 4032×3024."
"assets/images/accommodation/IMG_3639.heic","assets/images/accommodation/twin-bedroom-patio-01.avif","1798188","1286627","converted_validated","Dimensions preserved at 4032×3024."
"assets/images/accommodation/IMG_3642.heic","assets/images/accommodation/room-number-006-01.avif","605552","184759","converted_validated","Dimensions preserved at 4032×3024."
"assets/images/accommodation/IMG_3643.heic","assets/images/accommodation/white-bathroom-bathtub-01.avif","2200738","1524735","converted_validated","Dimensions preserved at 4032×3024."
"assets/images/accommodation/IMG_3644.heic","assets/images/accommodation/white-bathroom-double-vanity-01.avif","1835067","986267","converted_validated","Dimensions preserved at 5712×4284."
"assets/images/accommodation/IMG_3645.HEIC","assets/images/accommodation/white-bathroom-shower-01.avif","1735007","1301332","converted_validated","Dimensions preserved at 4032×3024."
"assets/images/accommodation/IMG_3646.heic","assets/images/accommodation/white-bathroom-amenities-01.avif","570203","163533","converted_validated","Dimensions preserved at 4032×3024."
"assets/images/accommodation/IMG_3647.heic","assets/images/accommodation/toilet-sign-01.avif","1747876","571102","converted_validated","Dimensions preserved at 5712×4284."
"assets/images/dining/IMG_3554.heic","assets/images/dining/kettle-and-glasses-01.avif","846173","427054","converted_validated","Dimensions preserved at 2928×3904."
"assets/images/dining/IMG_3649.HEIC","assets/images/dining/kitchen-cooktop-01.avif","2396899","1991935","converted_validated","Dimensions preserved at 4032×3024."
"assets/images/dining/IMG_3650.HEIC","assets/images/dining/kitchen-cabinetry-01.avif","1152126","810433","converted_validated","Dimensions preserved at 4032×3024."
"assets/images/dining/IMG_3651.heic","assets/images/dining/glassware-cabinet-01.avif","2144009","1364624","converted_validated","Dimensions preserved at 5712×4284."
"assets/images/dining/IMG_3652.heic","assets/images/dining/breakfast-appliances-01.avif","1091683","689977","converted_validated","Dimensions preserved at 4032×3024."
"assets/images/dining/IMG_3653.heic","assets/images/dining/sweetener-bowl-01.avif","923649","671358","converted_validated","Dimensions preserved at 4032×3024."
"assets/images/dining/IMG_3656.heic","assets/images/dining/kitchen-island-01.avif","2625088","1832011","converted_validated","Dimensions preserved at 5712×4284."
"assets/images/dining/IMG_3657.heic","assets/images/dining/kitchen-sink-01.avif","933103","626881","converted_validated","Dimensions preserved at 4032×3024."
"assets/images/dining/IMG_3658.heic","assets/images/dining/kitchen-island-stools-01.avif","2090916","1522879","converted_validated","Dimensions preserved at 5712×4284."
"assets/images/dining/IMG_3659.HEIC","assets/images/dining/kitchen-wide-view-01.avif","1998681","1663398","converted_validated","Dimensions preserved at 4032×3024."
"assets/images/exterior/aerial-estate-view-01.avif","assets/images/exterior/aerial-estate-view-01.avif","195826","195826","skipped_existing_avif_valid","Existing AVIF validated at 2560×1707."
"assets/images/exterior/2e6cbb89-1e62-4b14-b450-0ab43dcaccd4.jpeg","assets/images/exterior/aerial-pool-view-01.avif","765391","712878","converted_validated","Dimensions preserved at 2560×1707."
"assets/images/exterior/garden-patio-table-01.avif","assets/images/exterior/garden-patio-table-01.avif","468805","468805","skipped_existing_avif_valid","Existing AVIF validated at 2560×1707."
"assets/images/exterior/swimming-pool-view-01.avif","assets/images/exterior/swimming-pool-view-01.avif","241226","241226","skipped_existing_avif_valid","Existing AVIF validated at 2560×1707."
"assets/images/exterior/aerial-garden-pond-01.avif","assets/images/exterior/aerial-garden-pond-01.avif","312133","312133","skipped_existing_avif_valid","Existing AVIF validated at 2560×1707."
"assets/images/exterior/swimming-pool-view-02.avif","assets/images/exterior/swimming-pool-view-02.avif","241214","241214","skipped_existing_avif_valid","Existing AVIF validated at 2560×1707."
"assets/images/exterior/garden-pond-and-estate-01.avif","assets/images/exterior/garden-pond-and-estate-01.avif","284868","284868","skipped_existing_avif_valid","Existing AVIF validated at 2560×1919."
"assets/images/exterior/aerial-estate-view-02.avif","assets/images/exterior/aerial-estate-view-02.avif","195826","195826","skipped_existing_avif_valid","Existing AVIF validated at 2560×1707."
"assets/images/exterior/pool-and-harbour-view-01.avif","assets/images/exterior/pool-and-harbour-view-01.avif","182915","182915","skipped_existing_avif_valid","Existing AVIF validated at 2560×1707."
"assets/images/exterior/aerial-estate-overhead-01.avif","assets/images/exterior/aerial-estate-overhead-01.avif","407136","407136","skipped_existing_avif_valid","Existing AVIF validated at 2560×1919."
"assets/images/exterior/harbour-sailboats-01.avif","assets/images/exterior/harbour-sailboats-01.avif","211468","211468","skipped_existing_avif_valid","Existing AVIF validated at 2560×1707."
"assets/images/exterior/garden-harbour-view-01.avif","assets/images/exterior/garden-harbour-view-01.avif","303093","303093","skipped_existing_avif_valid","Existing AVIF validated at 2560×1707."
"assets/images/exterior/aerial-estate-hero-01.avif","assets/images/exterior/aerial-estate-hero-01.avif","246402","246402","skipped_existing_avif_valid","Existing AVIF validated at 2560×1707."
"assets/images/interiors/.DS_Store","","8196","","skipped_unsupported","Unsupported extension: (none)"
"assets/images/interiors/02143fcf-55c0-4fb9-96e6-7fe9e24fdcd1.jpeg","assets/images/interiors/living-room-wide-01.avif","211531","243730","converted_validated","Dimensions preserved at 2560×1920."
"assets/images/interiors/0f6370ce-8318-4fdb-92b2-65efc7cf5192.jpeg","assets/images/interiors/persimmon-branch-vase-01.avif","198589","240142","converted_validated","Dimensions preserved at 2560×1920."
"assets/images/interiors/entrance-seating-01.avif","assets/images/interiors/entrance-seating-01.avif","211795","211795","skipped_existing_avif_valid","Existing AVIF validated at 2560×1920."
"assets/images/interiors/IMG_3613.HEIC","assets/images/interiors/living-room-seating-01.avif","1351379","973124","converted_validated","Dimensions preserved at 4032×3024."
"assets/images/interiors/IMG_3614.HEIC","assets/images/interiors/piano-and-fireplace-01.avif","1333608","986690","converted_validated","Dimensions preserved at 4032×3024."
"assets/images/interiors/IMG_3616.heic","assets/images/interiors/living-room-television-01.avif","2541457","1591298","converted_validated","Dimensions preserved at 5712×4284."
"assets/images/interiors/IMG_3617.heic","assets/images/interiors/sofa-garden-view-01.avif","1334457","1019422","converted_validated","Dimensions preserved at 4032×3024."
"assets/images/interiors/IMG_3618.heic","assets/images/interiors/persimmon-branch-vase-02.avif","1139862","759209","converted_validated","Dimensions preserved at 4032×3024."
"assets/images/interiors/IMG_3619.HEIC","assets/images/interiors/hallway-clock-01.avif","1829935","1221795","converted_validated","Dimensions preserved at 5712×4284."
"assets/images/interiors/IMG_3648.heic","assets/images/interiors/telescope-01.avif","659765","230492","converted_validated","Dimensions preserved at 4032×3024."
"assets/images/interiors/IMG_3655.HEIC","assets/images/interiors/living-room-wide-02.avif","1103257","741520","converted_validated","Dimensions preserved at 4032×3024."
"assets/images/interiors/IMG_3660.HEIC","assets/images/interiors/living-room-coffee-table-01.avif","1503902","1140038","converted_validated","Dimensions preserved at 4032×3024."
"assets/images/interiors/IMG_3661.heic","assets/images/interiors/record-player-01.avif","1940069","1111296","converted_validated","Dimensions preserved at 5712×4284."
"assets/images/interiors/IMG_9572.heic","assets/images/interiors/decorative-chest-01.avif","2056299","1413309","converted_validated","Dimensions preserved at 4284×5712."
"assets/images/tea-room/IMG_0619.JPG","assets/images/tea-room/tea-ceremony-01.avif","13681201","3244372","converted_validated","Dimensions preserved at 6280×4984."
"assets/images/tea-room/IMG_0694.jpg","assets/images/tea-room/tea-pouring-detail-01.avif","1117855","590260","converted_validated","Dimensions preserved at 1207×1811."
"assets/images/tea-room/IMG_0695.jpg","assets/images/tea-room/tea-ceremony-02.avif","290967","107886","converted_validated","Dimensions preserved at 1209×806."
"assets/images/tea-room/IMG_0696.jpg","assets/images/tea-room/tea-table-setup-01.avif","413549","197726","converted_validated","Dimensions preserved at 1170×780."
"assets/images/tea-room/IMG_0697.jpg","assets/images/tea-room/tea-pouring-detail-02.avif","418506","198133","converted_validated","Dimensions preserved at 1195×797."
"assets/images/tea-room/IMG_0698.jpg","assets/images/tea-room/tea-host-pouring-01.avif","436988","202042","converted_validated","Dimensions preserved at 1211×807."
"assets/images/tea-room/IMG_0699.jpg","assets/images/tea-room/tea-cup-detail-01.avif","877134","445179","converted_validated","Dimensions preserved at 1101×1651."
"assets/images/tea-room/IMG_0700.jpg","assets/images/tea-room/tea-host-ceremony-01.avif","981315","490377","converted_validated","Dimensions preserved at 1176×1764."
"assets/images/tea-room/IMG_3555.heic","assets/images/tea-room/white-tea-set-01.avif","703021","325704","converted_validated","Dimensions preserved at 4032×3024."
"assets/images/tea-room/IMG_9567.heic","assets/images/tea-room/tea-table-seating-01.avif","1279144","981057","converted_validated","Dimensions preserved at 4032×3024."
"assets/images/tea-room/IMG_9568.heic","assets/images/tea-room/room-wide-01.avif","2711332","1991666","converted_validated","Dimensions preserved at 4284×5712."
"assets/images/tea-room/IMG_9569.heic","assets/images/tea-room/room-wide-02.avif","3505312","2780088","converted_validated","Dimensions preserved at 5712×4284."
"assets/images/tea-room/IMG_9570.heic","assets/images/tea-room/teaware-display-room-01.avif","3540713","2833396","converted_validated","Dimensions preserved at 5712×4284."
"assets/images/tea-room/IMG_9571.heic","assets/images/tea-room/tea-table-garden-view-01.avif","2205225","1539201","converted_validated","Dimensions preserved at 4284×5712."
"assets/images/tea-room/IMG_9573.heic","assets/images/tea-room/armchair-and-screen-01.avif","2126637","1678224","converted_validated","Dimensions preserved at 4284×5712."
"assets/images/tea-room/IMG_9574.heic","assets/images/tea-room/table-flower-arrangement-01.avif","1118071","718456","converted_validated","Dimensions preserved at 4284×5712."
"assets/images/tea-room/IMG_9575.heic","assets/images/tea-room/tea-table-detail-01.avif","2523706","2022841","converted_validated","Dimensions preserved at 5712×4284."
"assets/images/tea-room/IMG_9576.heic","assets/images/tea-room/teaware-display-room-02.avif","2872878","2172236","converted_validated","Dimensions preserved at 5712×4284."
"assets/images/tea-room/IMG_9577.heic","assets/images/tea-room/hanging-kettle-01.avif","1655320","1122743","converted_validated","Dimensions preserved at 4284×5712."
"assets/images/tea-room/IMG_9578.heic","assets/images/tea-room/tea-tasting-bowls-01.avif","1530848","1035327","converted_validated","Dimensions preserved at 4284×5712."
"assets/images/tea-room/IMG_9579.heic","assets/images/tea-room/tea-cake-display-01.avif","910936","669108","converted_validated","Dimensions preserved at 3024×4032."
"assets/images/tea-room/IMG_9580.heic","assets/images/tea-room/clay-teapots-01.avif","1033543","573232","converted_validated","Dimensions preserved at 4032×3024."
"assets/images/tea-room/IMG_9581.heic","assets/images/tea-room/porcelain-tea-set-01.avif","787694","378172","converted_validated","Dimensions preserved at 4032×3024."
"assets/images/tea-room/IMG_9582.heic","assets/images/tea-room/tea-boxes-01.avif","847252","458710","converted_validated","Dimensions preserved at 4032×3024."
"assets/images/tea-room/IMG_9583.heic","assets/images/tea-room/white-teaware-shelf-01.avif","1049342","617929","converted_validated","Dimensions preserved at 4032×3024."
"assets/images/tea-room/IMG_9585.heic","assets/images/tea-room/tea-tools-01.avif","845926","525543","converted_validated","Dimensions preserved at 3024×4032."
"assets/images/tea-room/IMG_9586.heic","assets/images/tea-room/room-garden-view-01.avif","1204992","815312","converted_validated","Dimensions preserved at 3586×2690."
